{
  "Africa": [
    { "name": "Algeria", "iso3": "DZA", "capital": "Algiers" },
    { "name": "Angola", "iso3": "AGO", "capital": "Luanda" },
    { "name": "Benin", "iso3": "BEN", "capital": "Porto-Novo" },
    { "name": "Botswana", "iso3": "BWA", "capital": "Gaborone" },
    { "name": "Burkina Faso", "iso3": "BFA", "capital": "Ouagadougou" },
    { "name": "Burundi", "iso3": "BDI", "capital": "Gitega" },
    { "name": "Cameroon", "iso3": "CMR", "capital": "Yaoundé" },
    { "name": "Cape Verde", "iso3": "CPV", "capital": "Praia" },
    { "name": "Central African Republic", "iso3": "CAF", "capital": "Bangui" },
    { "name": "Chad", "iso3": "TCD", "capital": "N'Djamena" },
    { "name": "Comoros", "iso3": "COM", "capital": "Moroni" },
    { "name": "Congo", "iso3": "COG", "capital": "Brazzaville" },
    { "name": "Democratic Republic of the Congo", "iso3": "COD", "capital": "Kinshasa" },
    { "name": "Djibouti", "iso3": "DJI", "capital": "Djibouti" },
    { "name": "Egypt", "iso3": "EGY", "capital": "Cairo" },
    { "name": "Equatorial Guinea", "iso3": "GNQ", "capital": "Malabo" },
    { "name": "Eritrea", "iso3": "ERI", "capital": "Asmara" },
    { "name": "Eswatini", "iso3": "SWZ", "capital": "Mbabane" },
    { "name": "Ethiopia", "iso3": "ETH", "capital": "Addis Ababa" },
    { "name": "Gabon", "iso3": "GAB", "capital": "Libreville" },
    { "name": "Gambia", "iso3": "GMB", "capital": "Banjul" },
    { "name": "Ghana", "iso3": "GHA", "capital": "Accra" },
    { "name": "Guinea", "iso3": "GIN", "capital": "Conakry" },
    { "name": "Guinea-Bissau", "iso3": "GNB", "capital": "Bissau" },
    { "name": "Ivory Coast", "iso3": "CIV", "capital": "Yamoussoukro" },
    { "name": "Kenya", "iso3": "KEN", "capital": "Nairobi" },
    { "name": "Lesotho", "iso3": "LSO", "capital": "Maseru" },
    { "name": "Liberia", "iso3": "LBR", "capital": "Monrovia" },
    { "name": "Libya", "iso3": "LBY", "capital": "Tripoli" },
    { "name": "Madagascar", "iso3": "MDG", "capital": "Antananarivo" },
    { "name": "Malawi", "iso3": "MWI", "capital": "Lilongwe" },
    { "name": "Mali", "iso3": "MLI", "capital": "Bamako" },
    { "name": "Mauritania", "iso3": "MRT", "capital": "Nouakchott" },
    { "name": "Mauritius", "iso3": "MUS", "capital": "Port Louis" },
    { "name": "Morocco", "iso3": "MAR", "capital": "Rabat" },
    { "name": "Mozambique", "iso3": "MOZ", "capital": "Maputo" },
    { "name": "Namibia", "iso3": "NAM", "capital": "Windhoek" },
    { "name": "Niger", "iso3": "NER", "capital": "Niamey" },
    { "name": "Nigeria", "iso3": "NGA", "capital": "Abuja" },
    { "name": "Rwanda", "iso3": "RWA", "capital": "Kigali" },
    { "name": "São Tomé and Príncipe", "iso3": "STP", "capital": "São Tomé" },
    { "name": "Senegal", "iso3": "SEN", "capital": "Dakar" },
    { "name": "Seychelles", "iso3": "SYC", "capital": "Victoria" },
    { "name": "Sierra Leone", "iso3": "SLE", "capital": "Freetown" },
    { "name": "Somalia", "iso3": "SOM", "capital": "Mogadishu" },
    { "name": "South Africa", "iso3": "ZAF", "capital": "Pretoria" },
    { "name": "South Sudan", "iso3": "SSD", "capital": "Juba" },
    { "name": "Sudan", "iso3": "SDN", "capital": "Khartoum" },
    { "name": "Tanzania", "iso3": "TZA", "capital": "Dodoma" },
    { "name": "Togo", "iso3": "TGO", "capital": "Lomé" },
    { "name": "Tunisia", "iso3": "TUN", "capital": "Tunis" },
    { "name": "Uganda", "iso3": "UGA", "capital": "Kampala" },
    { "name": "Zambia", "iso3": "ZMB", "capital": "Lusaka" },
    { "name": "Zimbabwe", "iso3": "ZWE", "capital": "Harare" }
  ],

  "Asia": [
    { "name": "Afghanistan", "iso3": "AFG", "capital": "Kabul" },
    { "name": "Armenia", "iso3": "ARM", "capital": "Yerevan" },
    { "name": "Azerbaijan", "iso3": "AZE", "capital": "Baku" },
    { "name": "Bahrain", "iso3": "BHR", "capital": "Manama" },
    { "name": "Bangladesh", "iso3": "BGD", "capital": "Dhaka" },
    { "name": "Bhutan", "iso3": "BTN", "capital": "Thimphu" },
    { "name": "Brunei", "iso3": "BRN", "capital": "Bandar Seri Begawan" },
    { "name": "Cambodia", "iso3": "KHM", "capital": "Phnom Penh" },
    { "name": "China", "iso3": "CHN", "capital": "Beijing" },
    { "name": "Cyprus", "iso3": "CYP", "capital": "Nicosia" },
    { "name": "Northern Cyprus", "iso3": "CYN", "capital": "North Nicosia" },
    { "name": "Georgia", "iso3": "GEO", "capital": "Tbilisi" },
    { "name": "India", "iso3": "IND", "capital": "New Delhi" },
    { "name": "Indonesia", "iso3": "IDN", "capital": "Jakarta" },
    { "name": "Iran", "iso3": "IRN", "capital": "Tehran" },
    { "name": "Iraq", "iso3": "IRQ", "capital": "Baghdad" },
    { "name": "Israel", "iso3": "ISR", "capital": "Jerusalem" },
    { "name": "Japan", "iso3": "JPN", "capital": "Tokyo" },
    { "name": "Jordan", "iso3": "JOR", "capital": "Amman" },
    { "name": "Kazakhstan", "iso3": "KAZ", "capital": "Astana" },
    { "name": "Kuwait", "iso3": "KWT", "capital": "Kuwait City" },
    { "name": "Kyrgyzstan", "iso3": "KGZ", "capital": "Bishkek" },
    { "name": "Laos", "iso3": "LAO", "capital": "Vientiane" },
    { "name": "Lebanon", "iso3": "LBN", "capital": "Beirut" },
    { "name": "Malaysia", "iso3": "MYS", "capital": "Kuala Lumpur" },
    { "name": "Maldives", "iso3": "MDV", "capital": "Malé" },
    { "name": "Mongolia", "iso3": "MNG", "capital": "Ulaanbaatar" },
    { "name": "Myanmar", "iso3": "MMR", "capital": "Naypyidaw" },
    { "name": "Nepal", "iso3": "NPL", "capital": "Kathmandu" },
    { "name": "North Korea", "iso3": "PRK", "capital": "Pyongyang" },
    { "name": "Oman", "iso3": "OMN", "capital": "Muscat" },
    { "name": "Pakistan", "iso3": "PAK", "capital": "Islamabad" },
    { "name": "Palestine", "iso3": "PSE", "capital": "Ramallah" },
    { "name": "Philippines", "iso3": "PHL", "capital": "Manila" },
    { "name": "Qatar", "iso3": "QAT", "capital": "Doha" },
    { "name": "Saudi Arabia", "iso3": "SAU", "capital": "Riyadh" },
    { "name": "Singapore", "iso3": "SGP", "capital": "Singapore" },
    { "name": "South Korea", "iso3": "KOR", "capital": "Seoul" },
    { "name": "Sri Lanka", "iso3": "LKA", "capital": "Sri Jayawardenepura Kotte" },
    { "name": "Syria", "iso3": "SYR", "capital": "Damascus" },
    { "name": "Taiwan", "iso3": "TWN", "capital": "Taipei" },
    { "name": "Tajikistan", "iso3": "TJK", "capital": "Dushanbe" },
    { "name": "Thailand", "iso3": "THA", "capital": "Bangkok" },
    { "name": "Timor-Leste", "iso3": "TLS", "capital": "Dili" },
    { "name": "Turkey", "iso3": "TUR", "capital": "Ankara" },
    { "name": "Turkmenistan", "iso3": "TKM", "capital": "Ashgabat" },
    { "name": "United Arab Emirates", "iso3": "ARE", "capital": "Abu Dhabi" },
    { "name": "Uzbekistan", "iso3": "UZB", "capital": "Tashkent" },
    { "name": "Vietnam", "iso3": "VNM", "capital": "Hanoi" },
    { "name": "Yemen", "iso3": "YEM", "capital": "Sana'a" }
  ],

  "Europe": [
    { "name": "Albania", "iso3": "ALB", "capital": "Tirana" },
    { "name": "Andorra", "iso3": "AND", "capital": "Andorra la Vella" },
    { "name": "Austria", "iso3": "AUT", "capital": "Vienna" },
    { "name": "Belarus", "iso3": "BLR", "capital": "Minsk" },
    { "name": "Belgium", "iso3": "BEL", "capital": "Brussels" },
    { "name": "Bosnia and Herzegovina", "iso3": "BIH", "capital": "Sarajevo" },
    { "name": "Bulgaria", "iso3": "BGR", "capital": "Sofia" },
    { "name": "Croatia", "iso3": "HRV", "capital": "Zagreb" },
    { "name": "Czechia", "iso3": "CZE", "capital": "Prague" },
    { "name": "Denmark", "iso3": "DNK", "capital": "Copenhagen" },
    { "name": "Estonia", "iso3": "EST", "capital": "Tallinn" },
    { "name": "Finland", "iso3": "FIN", "capital": "Helsinki" },
    { "name": "France", "iso3": "FRA", "capital": "Paris" },
    { "name": "Germany", "iso3": "DEU", "capital": "Berlin" },
    { "name": "Greece", "iso3": "GRC", "capital": "Athens" },
    { "name": "Hungary", "iso3": "HUN", "capital": "Budapest" },
    { "name": "Iceland", "iso3": "ISL", "capital": "Reykjavík" },
    { "name": "Ireland", "iso3": "IRL", "capital": "Dublin" },
    { "name": "Italy", "iso3": "ITA", "capital": "Rome" },
    { "name": "Kosovo", "iso3": "XKX", "capital": "Pristina" },
    { "name": "Latvia", "iso3": "LVA", "capital": "Riga" },
    { "name": "Liechtenstein", "iso3": "LIE", "capital": "Vaduz" },
    { "name": "Lithuania", "iso3": "LTU", "capital": "Vilnius" },
    { "name": "Luxembourg", "iso3": "LUX", "capital": "Luxembourg" },
    { "name": "Malta", "iso3": "MLT", "capital": "Valletta" },
    { "name": "Moldova", "iso3": "MDA", "capital": "Chisinau" },
    { "name": "Monaco", "iso3": "MCO", "capital": "Monaco" },
    { "name": "Montenegro", "iso3": "MNE", "capital": "Podgorica" },
    { "name": "Netherlands", "iso3": "NLD", "capital": "Amsterdam" },
    { "name": "North Macedonia", "iso3": "MKD", "capital": "Skopje" },
    { "name": "Norway", "iso3": "NOR", "capital": "Oslo" },
    { "name": "Poland", "iso3": "POL", "capital": "Warsaw" },
    { "name": "Portugal", "iso3": "PRT", "capital": "Lisbon" },
    { "name": "Romania", "iso3": "ROU", "capital": "Bucharest" },
    { "name": "Russia", "iso3": "RUS", "capital": "Moscow" },
    { "name": "San Marino", "iso3": "SMR", "capital": "San Marino" },
    { "name": "Serbia", "iso3": "SRB", "capital": "Belgrade" },
    { "name": "Slovakia", "iso3": "SVK", "capital": "Bratislava" },
    { "name": "Slovenia", "iso3": "SVN", "capital": "Ljubljana" },
    { "name": "Spain", "iso3": "ESP", "capital": "Madrid" },
    { "name": "Sweden", "iso3": "SWE", "capital": "Stockholm" },
    { "name": "Switzerland", "iso3": "CHE", "capital": "Bern" },
    { "name": "Ukraine", "iso3": "UKR", "capital": "Kyiv" },
    { "name": "United Kingdom", "iso3": "GBR", "capital": "London" },
    { "name": "Vatican City", "iso3": "VAT", "capital": "Vatican City" }
  ],

  "North America": [
    { "name": "Antigua and Barbuda", "iso3": "ATG", "capital": "St. John's" },
    { "name": "Bahamas", "iso3": "BHS", "capital": "Nassau" },
    { "name": "Barbados", "iso3": "BRB", "capital": "Bridgetown" },
    { "name": "Belize", "iso3": "BLZ", "capital": "Belmopan" },
    { "name": "Canada", "iso3": "CAN", "capital": "Ottawa" },
    { "name": "Costa Rica", "iso3": "CRI", "capital": "San José" },
    { "name": "Cuba", "iso3": "CUB", "capital": "Havana" },
    { "name": "Dominica", "iso3": "DMA", "capital": "Roseau" },
    { "name": "Dominican Republic", "iso3": "DOM", "capital": "Santo Domingo" },
    { "name": "El Salvador", "iso3": "SLV", "capital": "San Salvador" },
    { "name": "Grenada", "iso3": "GRD", "capital": "St. George's" },
    { "name": "Guatemala", "iso3": "GTM", "capital": "Guatemala City" },
    { "name": "Haiti", "iso3": "HTI", "capital": "Port-au-Prince" },
    { "name": "Honduras", "iso3": "HND", "capital": "Tegucigalpa" },
    { "name": "Jamaica", "iso3": "JAM", "capital": "Kingston" },
    { "name": "Mexico", "iso3": "MEX", "capital": "Mexico City" },
    { "name": "Nicaragua", "iso3": "NIC", "capital": "Managua" },
    { "name": "Panama", "iso3": "PAN", "capital": "Panama City" },
    { "name": "Saint Kitts and Nevis", "iso3": "KNA", "capital": "Basseterre" },
    { "name": "Saint Lucia", "iso3": "LCA", "capital": "Castries" },
    { "name": "Saint Vincent and the Grenadines", "iso3": "VCT", "capital": "Kingstown" },
    { "name": "Trinidad and Tobago", "iso3": "TTO", "capital": "Port of Spain" },
    { "name": "United States", "iso3": "USA", "capital": "Washington, D.C." }
  ],

  "South America": [
    { "name": "Argentina", "iso3": "ARG", "capital": "Buenos Aires" },
    { "name": "Bolivia", "iso3": "BOL", "capital": "Sucre" },
    { "name": "Brazil", "iso3": "BRA", "capital": "Brasília" },
    { "name": "Chile", "iso3": "CHL", "capital": "Santiago" },
    { "name": "Colombia", "iso3": "COL", "capital": "Bogotá" },
    { "name": "Ecuador", "iso3": "ECU", "capital": "Quito" },
    { "name": "Guyana", "iso3": "GUY", "capital": "Georgetown" },
    { "name": "Paraguay", "iso3": "PRY", "capital": "Asunción" },
    { "name": "Peru", "iso3": "PER", "capital": "Lima" },
    { "name": "Suriname", "iso3": "SUR", "capital": "Paramaribo" },
    { "name": "Uruguay", "iso3": "URY", "capital": "Montevideo" },
    { "name": "Venezuela", "iso3": "VEN", "capital": "Caracas" }
  ],

  "Oceania": [
    { "name": "Australia", "iso3": "AUS", "capital": "Canberra" },
    { "name": "Fiji", "iso3": "FJI", "capital": "Suva" },
    { "name": "Kiribati", "iso3": "KIR", "capital": "Tarawa" },
    { "name": "Marshall Islands", "iso3": "MHL", "capital": "Majuro" },
    { "name": "Micronesia", "iso3": "FSM", "capital": "Palikir" },
    { "name": "Nauru", "iso3": "NRU", "capital": "Yaren" },
    { "name": "New Zealand", "iso3": "NZL", "capital": "Wellington" },
    { "name": "Palau", "iso3": "PLW", "capital": "Ngerulmud" },
    { "name": "Papua New Guinea", "iso3": "PNG", "capital": "Port Moresby" },
    { "name": "Samoa", "iso3": "WSM", "capital": "Apia" },
    { "name": "Solomon Islands", "iso3": "SLB", "capital": "Honiara" },
    { "name": "Tonga", "iso3": "TON", "capital": "Nukuʻalofa" },
    { "name": "Tuvalu", "iso3": "TUV", "capital": "Funafuti" },
    { "name": "Vanuatu", "iso3": "VUT", "capital": "Port Vila" }
  ]
}
